,bigram,frequency
0,ɪ_ç,32175
1,ə_n,27681
2,n_t,25515
3,t_s,19529
4,j_aː,19326
5,s_t,18775
6,z_oː,17237
7,a_n,15022
8,d_aː,14108
9,a_l,13122
10,ai_n,12069
11,n_d,11908
12,aː_s,11682
13,n_ɪ,11652
14,ɛ_n,10899
15,ʊ_n,10830
16,ɪ_s,10056
17,d_a,10003
18,g_eː,9778
19,d_eː,9557
20,ɛ_ɐ,9392
21,t_ə,8948
22,d_iː,8934
23,ɪ_n,8894
24,t_d,8775
25,a_x,8194
26,v_aː,8070
27,oː_n,8060
28,ç_t,8024
29,ɪ_ɐ,7490
30,l_t,7351
31,t_ɪ,7324
32,au_ç,6860
33,h_aː,6846
34,aː_b,6751
35,g_ɛ,6657
36,h_a,6619
37,ɐ_t,6436
38,l_ɪ,6404
39,m_aː,6308
40,m_ɪ,6181
41,aː_t,5986
42,eː_ɐ,5935
43,t_v,5786
44,n_ə,5784
45,v_ai,5735
46,s_ɪ,5651
47,b_ɐ,5624
48,aː_n,5609
49,aː_ɐ,5580
50,ɐ_g,5367
51,eː_n,5337
52,a_s,5199
53,n_eː,5138
54,eː_s,5065
55,l_z,5049
56,ɔ_x,4912
57,ɛ_t,4791
58,ɐ_d,4772
59,oː_d,4759
60,v_iː,4737
61,aː_l,4649
62,m_a,4631
63,ɪ_m,4613
64,ɐ_n,4551
65,n_f,4445
66,ɪ_t,4262
67,d_ɐ,4214
68,n_v,4143
69,d_ə,4136
70,g_ə,4133
71,s_v,4081
72,l_ə,3941
73,ɛ_l,3893
74,v_ɪ,3846
75,v_ɛ,3794
76,s_d,3742
77,n_z,3737
78,ai_s,3733
79,k_t,3715
80,t_ɛ,3610
81,eː_m,3516
82,b_ə,3516
83,s_uː,3500
84,au_f,3438
85,n_m,3425
86,ɛ_s,3411
87,aː_m,3397
88,n_s,3370
89,r_ə,3361
90,r_ɪ,3277
91,z_ɪ,3230
92,uː_n,3212
93,f_a,3212
94,n_ɔ,3194
95,p:_f,3190
96,f_ɛ,3166
97,t_z,3153
98,d_r,3131
99,eː_r,3119
100,ɐ_z,3090
101,ʃ_oː,3086
102,ʃ_t,3080
103,eː_t,3078
104,s_ə,3073
105,n_a,3073
106,ʊ_ŋ,3006
107,oː_k,2989
108,b_ɪ,2974
109,aː_d,2933
110,m_ai,2913
111,f_oː,2908
112,iː_l,2901
113,ɛ_ç,2871
114,z_iː,2849
115,d_ɛ,2821
116,n_ʊ,2809
117,aː_p,2807
118,x_t,2806
119,t_n,2784
120,t_r,2771
121,b_ai,2740
122,t_m,2725
123,n_aː,2719
124,g_l,2712
125,p:_z,2708
126,ç_d,2695
127,j_ɛ,2685
128,ç_m,2685
129,ai_l,2685
130,ç_n,2680
131,s_g,2676
132,ç_g,2666
133,l_au,2662
134,n_h,2661
135,n_au,2657
136,aː_g,2654
137,k_ɔ,2652
138,k_a,2649
139,t_h,2633
140,d_ɪ,2593
141,f_iː,2566
142,m_t,2560
143,t_aː,2529
144,t_eː,2498
145,ç_v,2495
146,z_ə,2494
147,iː_z,2463
148,s_n,2450
149,a_ɐ,2449
150,ɐ_s,2448
151,ɐ_v,2418
152,uː_t,2384
153,k_l,2384
154,d_uː,2376
155,t_a,2370
156,ɐ_k,2354
157,ʊ_s,2345
158,iː_d,2335
159,ai_t,2313
160,x_ə,2301
161,ə_m,2299
162,eː_h,2291
163,ɐ_ɪ,2291
164,s_m,2288
165,r_a,2278
166,ɐ_m,2249
167,n_k,2226
168,b_ɛ,2223
169,l_ai,2218
170,r_ai,2210
171,z_a,2172
172,n_g,2157
173,ə_s,2156
174,t_j,2151
175,t_l,2150
176,a_ŋ,2149
177,eː_g,2142
178,g_a,2135
179,uː_m,2134
180,r_aː,2127
181,au_s,2101
182,t_g,2097
183,ç_ə,2096
184,ç_h,2091
185,m_ʊ,2075
186,a_k,2058
187,eː_z,2053
188,aː_k,2038
189,ɔ_ɐ,2022
190,aː_r,2022
191,l_ɛ,2021
192,n_b,2017
193,t_t,2009
194,r_au,2005
195,p_r,2004
196,n_ɛ,1995
197,a_t,1987
198,f_r,1979
199,ɔ_m,1978
200,n_n,1957
201,t_ʊ,1955
202,m_ɐ,1946
203,v_oː,1926
204,s_h,1923
205,k_ai,1905
206,p_ɪ,1873
207,eː_d,1850
208,r_ɛ,1830
209,ɔ_l,1829
210,n_uː,1814
211,l_a,1809
212,t_oː,1803
213,ç_z,1792
214,au_p,1785
215,iː_ɐ,1780
216,n_ʃ,1753
217,g_uː,1753
218,m_ə,1752
219,aː_j,1752
220,ɐ_f,1745
221,p_t,1740
222,oː_l,1734
223,b_eː,1734
224,s_ɛ,1723
225,l_aː,1717
226,v_a,1712
227,oː_v,1712
228,s_z,1696
229,t_au,1664
230,k_ə,1657
231,m_ɛ,1653
232,ɪ_ʃ,1641
233,t_ɐ,1638
234,ə_d,1636
235,r_oː,1632
236,oː_t,1628
237,ŋ_k,1625
238,v_r,1616
239,z_eː,1604
240,n_oː,1601
241,ɐ_ʃ,1598
242,n_ai,1592
243,s_eː,1591
244,l_s,1586
245,aː_ɪ,1579
246,ɐ_l,1576
247,f_ɪ,1573
248,g_aː,1565
249,oː_g,1550
250,s_k,1545
251,l_d,1540
252,v_eː,1539
253,z_ɔ,1527
254,t_ʃ,1514
255,ɐ_b,1509
256,ɪ_ŋ,1498
257,g_r,1485
258,f_t,1484
259,k_r,1482
260,k_oː,1475
261,oː_m,1471
262,ç_ɪ,1463
263,ɪ_l,1454
264,ɔ_n,1438
265,m_eː,1418
266,uː_ɐ,1409
267,s_j,1405
268,ɛ_k,1403
269,r_iː,1397
270,ai_ç,1391
271,v_ɔ,1390
272,f_yː,1390
273,yː_b,1388
274,s_p,1382
275,h_ə,1376
276,s_ai,1370
277,n_l,1347
278,eː_b,1347
279,aː_z,1344
280,k_s,1339
281,s_f,1312
282,ɐ_h,1312
283,s_au,1311
284,ʊ_ɐ,1308
285,yː_ɐ,1296
286,t_k,1285
287,eː_f,1282
288,t_f,1281
289,ɪ_k,1273
290,d_ɔ,1271
291,oː_ɪ,1254
292,ɛ_ŋ,1253
293,l_eː,1252
294,n_j,1250
295,f_ə,1246
296,ə_ɪ,1235
297,eː_k,1227
298,z_ai,1225
299,t_uː,1220
300,t_ai,1205
301,ɛ_ʃ,1202
302,oː_f,1201
303,z_ɛ,1197
304,t__p:_,1184
305,aː_v,1170
306,eː_l,1155
307,ŋ_ə,1151
308,z_aː,1144
309,r_ʊ,1141
310,x_d,1123
311,a_p,1107
312,j_a,1102
313,ɔi_t,1092
314,ai_g,1086
315,r_eː,1082
316,iː_n,1075
317,oː_b,1070
318,j_eː,1067
319,iː_h,1064
320,s_ʃ,1062
321,x_n,1060
322,f_ɔ,1055
323,b_l,1055
324,eː_v,1054
325,x_m,1053
326,ə_l,1050
327,aː_p:,1050
328,n_p:,1049
329,ç_au,1046
330,ə_aː,1038
331,iː_k,1035
332,s_a,1034
333,ə_p:,1029
334,ç_f,1029
335,f_aː,1027
336,oː_ɐ,1023
337,aː_h,1013
338,s_iː,1000
339,ç_k,996
340,t_b,992
341,ɐ_a,989
342,ç_p:,983
343,ʃ_p,977
344,iː_m,976
345,g_ɪ,971
346,s_p:,967
347,ə_v,965
348,iː_g,960
349,p_a,958
350,oː_p,954
351,ʊ_k,949
352,ʃ_ai,949
353,x_z,948
354,k_p:,947
355,ə_f,947
356,ai_d,947
357,ʏ_ɐ,940
358,ə_g,936
359,h_ɪ,934
360,s_ç,926
361,aː_f,925
362,uː_d,922
363,iː_b,910
364,k_ɪ,906
365,m_l,901
366,ŋ_eː,895
367,ɪ_g,894
368,ʃ_l,891
369,ai_m,886
370,iː_r,876
371,n_iː,874
372,h_ɛ,873
373,h_p,871
374,p_d,869
375,l_oː,863
376,iː_v,863
377,iː_t,844
378,ʃ_r,839
379,l_g,838
380,ə_k,838
381,ŋ_t,829
382,ɐ_au,822
383,l_n,811
384,ç_ʃ,808
385,k_aː,805
386,s_b,793
387,s_aː,790
388,d_ʊ,790
389,ɪ_p,788
390,ai_ŋ,782
391,oː_r,777
392,oː_s,776
393,j_oː,776
394,r_uː,775
395,ə_z,772
396,x_g,765
397,ɛ_r,763
398,œ_n,761
399,g_ʊ,757
400,ç_j,757
401,ʃ_ə,754
402,iː_ɪ,752
403,n_ç,751
404,l_iː,747
405,ç_b,741
406,oː_z,739
407,uː_z,732
408,l_v,730
409,a_v,730
410,ə_t,726
411,ɐ_j,714
412,a_m,711
413,k_v,710
414,h_ai,710
415,k_ɛ,709
416,k_œ,708
417,ç_s,708
418,n_ɐ,704
419,l_ʊ,702
420,n_r,694
421,l_p,687
422,aː_au,687
423,m_d,684
424,b_r,683
425,p_iː,676
426,n_p,676
427,ɪ_f,669
428,ɔ_t,666
429,s_l,665
430,ʃ_v,663
431,p_f,656
432,au_z,646
433,k_ʊ,645
434,f_d,645
435,m_m,644
436,iː_f,643
437,ə_h,642
438,ʏ_n,640
439,m_b,638
440,p_aː,634
441,l_m,634
442,l_b,623
443,l_ɔi,620
444,s_ʊ,616
445,m_v,616
446,r_yː,615
447,ə_a,615
448,m_p,611
449,p_s,608
450,ʊ_x,607
451,ç_a,607
452,p_l,604
453,ɐ_p:,603
454,ɔ_f,594
455,m_g,590
456,aː_aː,589
457,l_f,586
458,ə_ʃ,584
459,z_ʊ,581
460,ŋ_s,579
461,ʏ_s,573
462,ç_ɛ,572
463,f_l,571
464,l_ç,565
465,ɛ_m,565
466,r_ɔ,564
467,h_eː,564
468,ʊ_m,561
469,b_a,555
470,f_eː,551
471,x_ɪ,550
472,aː_ʃ,550
473,t_ʏ,547
474,m_z,546
475,p_ɛ,544
476,ai_z,543
477,h_iː,542
478,p:_p:,534
479,v_ɛː,528
480,ʃ_ɪ,526
481,iː_s,525
482,f_ʊ,524
483,au_t,524
484,m_ʏ,514
485,t_iː,513
486,r_ɔi,513
487,ɐ_ç,513
488,z_v,508
489,oː_j,504
490,ɪ_r,501
491,f_ʏ,499
492,ɐ_ai,499
493,b_ʊ,496
494,v_ʏ,495
495,oː_h,495
496,a_f,495
497,t_ɔ,494
498,n_ɔi,493
499,ʊ_t,488
500,øː_n,488
501,h_ɔ,484
502,ə_oː,484
503,m_oː,479
504,uː_h,476
505,ɐ_p,475
506,ʏ_k,474
507,m_f,474
508,ʃ_øː,469
509,s_oː,469
510,ɐ_ʊ,467
511,f_g,465
512,x_h,460
513,k_au,458
514,ə_b,457
515,v_ʊ,455
516,aː_a,446
517,p:_h,444
518,h_au,440
519,iː_a,439
520,au_b,439
521,aː_oː,437
522,m_ɔ,434
523,oː_a,433
524,d_ai,433
525,uː_k,432
526,ə_p,426
527,s_ɐ,425
528,ɐ_aː,425
529,ç_l,424
530,ç_aː,424
531,h_ɔi,420
532,ə_au,420
533,k_d,419
534,œ_ɐ,417
535,oː_ʃ,416
536,ç_ai,414
537,ɔ_k,413
538,m_iː,411
539,f_j,407
540,p:_ʃ,407
541,p_g,404
542,ɔi_n,404
543,l_k,403
544,ɔ_p,401
545,r_d,400
546,p:_d,400
547,t_yː,396
548,x_v,393
549,uː_f,387
550,ɛː_ɐ,386
551,eː_ɪ,382
552,b_aː,380
553,oː_ai,379
554,ɛ_z,379
555,m_k,378
556,j_t,378
557,uː_l,376
558,p_ʊ,376
559,ɔ_s,372
560,m_r,371
561,ç_oː,370
562,p_z,368
563,ʃ_au,365
564,ɐ_oː,363
565,s_r,361
566,m_n,361
567,oː_p:,359
568,m_s,359
569,d_n,359
570,r_ʏ,358
571,ʃ_n,357
572,f_s,357
573,p_ə,356
574,ɐ_r,355
575,ai_b,354
576,k_n,351
577,l_ʃ,350
578,p:_p,349
579,m_h,347
580,h_ɐ,346
581,ə_ʊ,346
582,f_m,343
583,ɐ_eː,342
584,ʃ_a,340
585,s_s,338
586,ɐ_ɛ,334
587,g_ɔ,332
588,v_n,331
589,b_oː,331
590,t_x,328
591,s_x,328
592,p:_aː,328
593,uː_r,326
594,oː_ʊ,325
595,z_uː,323
596,x_k,322
597,ə_j,320
598,ŋ_ɛ,319
599,z_ɐ,318
600,oː_aː,318
601,f_n,316
602,p_x,315
603,r_h,314
604,f_p:,313
605,au_n,313
606,aː_ʊ,312
607,h_œ,311
608,oː_uː,310
609,g_ai,310
610,ɔi_r,308
611,iː_au,306
612,iː_aː,306
613,p:_oː,306
614,n_x,305
615,au_ə,303
616,x_eː,300
617,uː_s,299
618,m_ʃ,298
619,x_ʃ,295
620,m_uː,295
621,iː_ʃ,292
622,ʃ_ɛ,289
623,iː_p:,288
624,ç_ʊ,288
625,p:_eː,285
626,x_f,284
627,p:_v,284
628,ʏ_ç,283
629,p_m,282
630,uː_g,280
631,l_h,279
632,x_b,278
633,h_m,278
634,a_ʃ,277
635,l_ɐ,273
636,l_ɔ,272
637,uː_p,271
638,g_ɐ,271
639,ɛ_p,271
640,t_ɔi,270
641,iː_j,267
642,p_v,266
643,x_s,265
644,iː_p,262
645,ç_ɐ,262
646,ç_r,261
647,l_uː,260
648,x_au,258
649,ai_p,258
650,t_p,257
651,ai_ʃ,256
652,p_oː,255
653,p_n,255
654,k_m,255
655,ə_ɛ,253
656,iː_ai,252
657,p_ɔ,251
658,f_ai,251
659,r_t,250
660,aː_eː,249
661,x_p:,247
662,ŋ_z,245
663,h_oː,244
664,eː_p,243
665,yː_l,242
666,p:_ɪ,242
667,m_p:,241
668,ɛː_t,241
669,r_v,240
670,oː_oː,240
671,ə_r,240
672,uː_v,238
673,ʃ_m,237
674,ŋ_v,237
675,ʊ_l,236
676,aː_ai,236
677,k_uː,233
678,ə_ai,233
679,p_eː,232
680,l_øː,232
681,uː_b,228
682,b_iː,227
683,ɪ_z,225
684,ai_ʊ,225
685,ʃ_iː,224
686,iː_ʊ,224
687,ŋ_ɪ,222
688,a_b,222
689,r_z,221
690,g_n,221
691,d_oː,221
692,a_g,221
693,p:_j,220
694,p_ʃ,218
695,ɛ_f,216
696,au_d,216
697,m_au,215
698,ɪ_d,215
699,d_l,215
700,r_m,214
701,p:_n,214
702,p:_m,213
703,r_ɐ,210
704,k_g,210
705,au_m,210
706,p:_b,207
707,p_ɐ,206
708,k_ɐ,206
709,ʊ_p,205
710,ʃ_uː,204
711,m_j,203
712,ŋ_d,200
713,m_œ,200
714,k_eː,200
715,x_j,199
716,ç_eː,199
717,p:_au,199
718,øː_t,196
719,n_yː,196
720,ʃ_ʊ,195
721,l_ʏ,195
722,oː_au,193
723,l_p:,193
724,a_d,193
725,ʃ_d,192
726,h_øː,187
727,eː_p:,187
728,ai_v,187
729,g_iː,185
730,z_ʏ,184
731,p_au,184
732,yː_s,183
733,p_j,183
734,z_yː,181
735,r_n,180
736,iː_ɛ,180
737,eː_a,180
738,p:_g,180
739,oː_eː,178
740,h_ʊ,178
741,p:_t,178
742,iː_uː,177
743,d_ɔi,177
744,x_ai,176
745,ɛː_r,176
746,ɔi_ə,175
747,ə_eː,174
748,ɔi_f,171
749,ɔ_r,171
750,ɐ_uː,169
751,ŋ_ɐ,168
752,b_n,168
753,uː_ɪ,167
754,k_z,166
755,b_au,165
756,ŋ_l,164
757,f_v,164
758,ai_f,163
759,ʏ_l,159
760,uː_ʃ,156
761,ai_k,156
762,x_aː,155
763,x_a,155
764,f_h,154
765,p_ɛː,153
766,m_ɛː,152
767,ai_ɪ,152
768,øː_r,150
769,l_j,150
770,k_ʏ,148
771,b_ɔ,147
772,s_yː,146
773,r_k,145
774,ɔi_ɐ,144
775,k_h,143
776,s_ɔi,142
777,au_g,141
778,k_f,139
779,ə_uː,139
780,œ_ç,138
781,f_z,137
782,p_uː,136
783,p_k,136
784,iː_ə,136
785,ɐ_x,136
786,f_k,135
787,x_ɐ,134
788,p:_a,134
789,z_au,133
790,p_h,132
791,ɔi_ç,132
792,oː_ɛ,131
793,ɛː_d,131
794,p:_k,131
795,n_øː,130
796,ʃ_aː,129
797,eː_ʃ,129
798,r_g,128
799,ŋ_ʊ,128
800,ə_x,127
801,r_f,126
802,ŋ_h,126
803,v_œ,125
804,p_ai,125
805,œ_l,125
806,aː_uː,125
807,l_yː,123
808,yː_r,121
809,l_r,121
810,au_ɛ,121
811,x_ɛ,120
812,d_m,120
813,ŋ_g,119
814,b_yː,119
815,x_r,118
816,ʊ_ʃ,118
817,t_ɛː,117
818,uː_aː,115
819,oː_x,115
820,a_p:,115
821,s_ɔ,114
822,eː_aː,114
823,ç_yː,113
824,p:_ɛ,112
825,r_ʃ,111
826,ʔ_uː,110
827,ʏ_p,110
828,ɛ_g,109
829,eː_j,109
830,yː_p,107
831,p_p:,107
832,f_ʃ,107
833,ai_ɛ,107
834,œ_f,106
835,m_yː,105
836,l_ɛː,105
837,l_œ,104
838,aː_ɛ,104
839,ŋ_f,103
840,j_ʊ,103
841,f_f,103
842,ʏ_t,102
843,œ_g,102
844,l_l,102
845,k_j,102
846,a_ɪ,102
847,ɔi_k,101
848,ŋ_a,101
849,ç_p,101
850,b_ʏ,101
851,aː_x,100
852,ɛː_z,99
853,d_au,99
854,b_uː,99
855,r_b,98
856,øː_z,98
857,iː_ɔ,98
858,r_ɛː,97
859,au_v,97
860,r_j,96
861,ŋ_m,96
862,x_l,95
863,ŋ_aː,95
864,k_ʃ,94
865,k_k,93
866,ɛː_s,93
867,ai_j,93
868,ŋ_n,91
869,iː_eː,91
870,ai_p:,91
871,ɔi_m,90
872,ɔi_l,90
873,r_œ,89
874,k_iː,89
875,f_ɐ,89
876,yː_g,88
877,yː_n,87
878,j_uː,86
879,p:_ʊ,85
880,yː_z,84
881,ʃ_g,84
882,øː_s,84
883,ʊ_f,83
884,ʃ_ɔ,83
885,ɐ_yː,83
886,r_øː,82
887,d_yː,82
888,ʔ_aː,81
889,v_k,80
890,ʃ_j,80
891,iː_oː,80
892,ç_uː,80
893,p:_s,80
894,p:_ai,79
895,yː_d,78
896,g_oː,78
897,f_b,75
898,n_ɛː,73
899,au_ɪ,73
900,p:_ɛː,73
901,t_ç,72
902,d_ʏ,72
903,f_p,71
904,eː_ʊ,71
905,uː_j,70
906,au_r,70
907,ŋ_oː,69
908,ŋ_au,69
909,yː_t,68
910,x_ʊ,67
911,f_uː,67
912,yː_f,66
913,uː_ɛ,66
914,ʃ_h,66
915,k_yː,66
916,f_œ,66
917,ɛː_h,66
918,d_j,65
919,ç_x,65
920,a_a,65
921,ʏ_m,64
922,uː_a,64
923,ɔi_ɛ,64
924,ç_ɔ,64
925,au_ʊ,64
926,ai_ɐ,63
927,l_x,62
928,f_au,62
929,eː_oː,62
930,ai_a,62
931,a_r,62
932,t_œ,61
933,ɔ_g,61
934,ɛː_g,61
935,g_p,60
936,p:_r,60
937,øː_d,59
938,eː_eː,58
939,ŋ_r,57
940,k_b,57
941,au_p:,57
942,a͜i_n,57
943,uː_p:,56
944,ɔ_ŋ,56
945,au_ɐ,56
946,z_h,55
947,a_h,55
948,yː_m,54
949,r_p,54
950,ʃ_z,53
951,œ_s,53
952,øː_h,53
953,k_ɛː,53
954,g_ʏ,53
955,ə_yː,53
956,ə_ɔ,53
957,x_oː,52
958,ʃ_ɐ,52
959,œ_t,52
960,f_ɔi,52
961,au_ʃ,52
962,j_ə,51
963,ai_ə,51
964,ʃ_ʃ,50
965,s_øː,50
966,r_s,50
967,r_l,50
968,h_uː,50
969,ɐ_ɔ,50
970,b_j,49
971,ai_r,49
972,ai_h,49
973,a_z,49
974,oː_yː,48
975,ŋ_j,48
976,ç_ɔi,48
977,au_a,48
978,ai_ai,48
979,uː_ai,47
980,h_ʏ,46
981,ʃ_k,45
982,oː_ɔ,45
983,b_ɔi,45
984,p:_ɔi,45
985,uː_ʊ,44
986,ŋ_uː,44
987,p:_x,44
988,k_x,43
989,ai_oː,43
990,a_aː,43
991,p:_uː,43
992,yː_oː,42
993,t_øː,42
994,r_r,42
995,ɔi_z,42
996,ʃ_p:,41
997,k_p,41
998,yː_ə,40
999,øː_ɐ,40
1000,n_ʏ,40
1001,v_ə,39
1002,ɔi_ʃ,39
1003,ɛː_p:,39
1004,uː_au,38
1005,ŋ_b,38
1006,m_øː,38
1007,g_t,38
1008,eː_ai,38
1009,aː_yː,38
1010,aː_ɔ,38
1011,p:_ɔ,38
1012,x_p,37
1013,ʃ_f,37
1014,s_ʏ,37
1015,n_ʔ,37
1016,n_ŋ,37
1017,iː_yː,37
1018,z_œ,36
1019,x_yː,36
1020,p_yː,36
1021,p_b,36
1022,ŋ_p:,36
1023,j_ɔ,36
1024,eː_au,36
1025,ɔi_g,35
1026,au_l,35
1027,z_j,34
1028,ʏ_ŋ,34
1029,ʊ_z,34
1030,ʃ_ʏ,34
1031,ʃ_s,34
1032,ʃ_ɔi,34
1033,r_p:,34
1034,ɔi_d,34
1035,eː_x,34
1036,ɔi_s,33
1037,iː_ŋ,33
1038,iː_ç,33
1039,au_uː,33
1040,au_k,33
1041,a_ʊ,33
1042,p:_l,33
1043,ʃ_yː,32
1044,ɛː_n,32
1045,yː_ɪ,31
1046,ɪ_v,31
1047,ɪ_b,31
1048,iː_x,31
1049,f_øː,31
1050,r_x,30
1051,ŋ_ʃ,30
1052,iː_iː,30
1053,f_ɛː,30
1054,b_s,30
1055,b_øː,30
1056,au_j,30
1057,v_h,29
1058,ʃ_eː,29
1059,m_x,29
1060,k_ç,29
1061,a_oː,29
1062,a_au,29
1063,x_x,28
1064,uː_yː,28
1065,ç_iː,28
1066,a_j,28
1067,ʊ_g,27
1068,øː_g,27
1069,ŋ_ai,27
1070,n_œ,27
1071,h_yː,27
1072,p_ʏ,26
1073,ɔ_ʃ,26
1074,eː_ɛ,26
1075,ai_ɔi,26
1076,a_uː,26
1077,z_ɔi,25
1078,ɔ_v,25
1079,ɛː_k,25
1080,ɛː_f,25
1081,ɛː_b,25
1082,ʔ_au,24
1083,yː_v,24
1084,yː_k,24
1085,p_ɔi,24
1086,œ_p,24
1087,g_m,24
1088,v_uː,23
1089,v_a͜i,23
1090,ʃ_b,23
1091,ɐ_ɔi,23
1092,ɐ_ŋ,23
1093,ai_au,23
1094,ʔ_ɪ,22
1095,x_ɔ,22
1096,p:_ŋ,22
1097,yː_h,21
1098,h_ɛː,21
1099,ɛː_ɪ,21
1100,au_aː,21
1101,v_t,20
1102,au_eː,20
1103,a_eː,20
1104,ʏ_f,19
1105,x_uː,19
1106,øː_b,19
1107,ŋ_p,19
1108,k_øː,19
1109,eː_uː,19
1110,z_p,18
1111,z_m,18
1112,uː_iː,18
1113,au_h,18
1114,v_øː,17
1115,uː_oː,17
1116,œ_m,17
1117,œ_k,17
1118,n_a͜i,17
1119,j_ʏ,17
1120,ɛː_l,17
1121,d_f,17
1122,ɐ_ʔ,17
1123,ai_aː,17
1124,v_ɐ,16
1125,ʊ_r,16
1126,ɔi_ɪ,16
1127,g_ɛː,16
1128,uː_eː,15
1129,œ_ʃ,15
1130,øː_v,15
1131,m_ɔi,15
1132,g_yː,15
1133,g_j,15
1134,d_œ,15
1135,p:_yː,15
1136,yː_p:,14
1137,p_øː,14
1138,oː_iː,14
1139,g_b,14
1140,f_x,14
1141,a_ai,14
1142,uː_uː,13
1143,ʃ_ɛː,13
1144,s_ɛː,13
1145,øː_m,13
1146,oː_ɛː,13
1147,iː_ɛː,13
1148,g_œ,13
1149,ç_œ,13
1150,au_oː,13
1151,ai_x,13
1152,a͜i_t,13
1153,z_p:,12
1154,yː_au,12
1155,uː_ɔ,12
1156,øː_k,12
1157,øː_p:,12
1158,ɛː_m,12
1159,ɛ_d,12
1160,ai_uː,12
1161,ʃ_œ,11
1162,ɔi_a,11
1163,ɔ_b,11
1164,ŋ_yː,11
1165,m_ç,11
1166,j_ai,11
1167,iː_ʔ,11
1168,ɛː_v,11
1169,eː_yː,11
1170,a͜u_s,11
1171,p:_iː,11
1172,yː_aː,10
1173,yː_a,10
1174,ʃ_a͜u,10
1175,ŋ_ʏ,10
1176,ŋ_x,10
1177,ə_ʏ,10
1178,b_ɛː,10
1179,a͜u_ç,10
1180,au_au,10
1181,a_ɛ,10
1182,yː_ʊ,9
1183,v_m,9
1184,ʊ_d,9
1185,t_ʔ,9
1186,t_a͜i,9
1187,m_a͜i,9
1188,l_a͜u,9
1189,j_n,9
1190,g_v,9
1191,ɛː_ɛː,9
1192,b_m,9
1193,a͜u_f,9
1194,a͜i_s,9
1195,ai_eː,9
1196,v_ɔi,8
1197,p_ç,8
1198,øː_ɪ,8
1199,f_ç,8
1200,ç_ɛː,8
1201,b_œ,8
1202,b_a͜i,8
1203,a͜i_l,8
1204,ʏ_ʃ,7
1205,ʏ_b,7
1206,v_b,7
1207,r_a͜i,7
1208,p_p,7
1209,ɔi_eː,7
1210,ɔi_b,7
1211,ɔi_aː,7
1212,øː_f,7
1213,ŋ_iː,7
1214,k_ɔi,7
1215,ə_ɔi,7
1216,ç_ʔ,7
1217,ç_ʏ,7
1218,ɐ_iː,7
1219,au_ai,7
1220,a͜i_g,7
1221,ʏ_d,6
1222,yː_ai,6
1223,v_yː,6
1224,v_l,6
1225,uː_ɛː,6
1226,s_ʔ,6
1227,r_a͜u,6
1228,œ_r,6
1229,oː_ə,6
1230,oː_a͜i,6
1231,l_ʔ,6
1232,j_ɛː,6
1233,eː_ɔ,6
1234,ɐ_ɛː,6
1235,au_yː,6
1236,a͜u_p,6
1237,yː_ɛ,5
1238,uː_x,5
1239,ɔi_ʊ,5
1240,øː_l,5
1241,k_a͜i,5
1242,j_ɪ,5
1243,j_p:,5
1244,iː_øː,5
1245,h_a͜u,5
1246,f_ʔ,5
1247,ɛː_p,5
1248,ə_œ,5
1249,ə_ɛː,5
1250,d_ɛː,5
1251,b_f,5
1252,au_x,5
1253,aː_iː,5
1254,a_ɔ,5
1255,z_t,4
1256,z_k,4
1257,ʏ_r,4
1258,yː_x,4
1259,yː_ʃ,4
1260,x_iː,4
1261,ʃ_x,4
1262,s_œ,4
1263,r_ŋ,4
1264,p_œ,4
1265,ɔi_au,4
1266,ɔ_z,4
1267,øː_j,4
1268,øː_ai,4
1269,øː_a,4
1270,ŋ_ɔ,4
1271,l_a͜i,4
1272,ɪ_j,4
1273,iː_œ,4
1274,d_z,4
1275,ç_a͜u,4
1276,ɐ_ʏ,4
1277,ɐ_œ,4
1278,a͜u_z,4
1279,a͜u_t,4
1280,a͜i_z,4
1281,ai_iː,4
1282,aː_œ,4
1283,p:_ə,4
1284,z_øː,3
1285,x_ɔi,3
1286,x_ɛː,3
1287,uː_ɔi,3
1288,ʃ_a͜i,3
1289,s_a͜u,3
1290,ɔi_h,3
1291,œ_d,3
1292,n_a͜u,3
1293,iː_ɔi,3
1294,h_r,3
1295,h_l,3
1296,h_a͜i,3
1297,g_au,3
1298,ɛː_ʃ,3
1299,ɛː_j,3
1300,ɛː_a,3
1301,ə_øː,3
1302,ə_ŋ,3
1303,ə_iː,3
1304,eː_ɛː,3
1305,d_ʔ,3
1306,d_ʃ,3
1307,d_d,3
1308,b_k,3
1309,a͜u_ə,3
1310,ai_ʔ,3
1311,ai_yː,3
1312,aː_ɛː,3
1313,p:_ʔ,3
1314,z_a͜i,2
1315,ʏ_g,2
1316,yː_uː,2
1317,yː_j,2
1318,yː_eː,2
1319,x_œ,2
1320,ʊ_b,2
1321,uː_ʏ,2
1322,uː_ŋ,2
1323,s_a͜i,2
1324,r_ʔ,2
1325,r_ɔ͜y,2
1326,p_ʔ,2
1327,ɔ͜y_n,2
1328,ɔi_oː,2
1329,oː_ɔi,2
1330,oː_øː,2
1331,oː_ŋ,2
1332,øː_ɛ,2
1333,øː_aː,2
1334,ŋ_ɛː,2
1335,l_ŋ,2
1336,k_ʔ,2
1337,k_a͜u,2
1338,j_ʃ,2
1339,j_s,2
1340,j_p,2
1341,j_œ,2
1342,j_m,2
1343,j_h,2
1344,iː_ʏ,2
1345,iː_a͜u,2
1346,g_ɔi,2
1347,g_h,2
1348,ɛː_ʊ,2
1349,ɛː_oː,2
1350,ɛː_eː,2
1351,ɛː_aː,2
1352,ɛ_b,2
1353,ə_ʔ,2
1354,d_a͜i,2
1355,ç_a͜i,2
1356,b_ʔ,2
1357,ɐ_ə,2
1358,au_ɔ,2
1359,au_ŋ,2
1360,a͜u_b,2
1361,a͜i_ʃ,2
1362,a͜i_r,2
1363,a͜i_d,2
1364,a͜i_ç,2
1365,aː_ŋ,2
1366,a_iː,2
1367,p:_ʏ,2
1368,p:_œ,2
1369,p:_øː,2
1370,ʔ_eː,1
1371,z_ʔ,1
1372,z_ʃ,1
1373,z_s,1
1374,z_f,1
1375,z_ɛː,1
1376,z_ç,1
1377,z_b,1
1378,ʏ_z,1
1379,yː_yː,1
1380,yː_ɔ,1
1381,x_ʏ,1
1382,x_øː,1
1383,v_p,1
1384,v_ŋ,1
1385,v_g,1
1386,v_d,1
1387,v_au,1
1388,v__p:_,1
1389,uː_ə,1
1390,t_sich,1
1391,t_ŋ,1
1392,t_bei,1
1393,t_a͜u,1
1394,ʃ_ʔ,1
1395,sich_z,1
1396,s_ŋ,1
1397,p_ɔ͜y,1
1398,ɔ͜y_t,1
1399,ɔ͜y_l,1
1400,ɔi_v,1
1401,ɔi_uː,1
1402,ɔi_p,1
1403,ɔi_ɔi,1
1404,ɔi_œ,1
1405,ɔi_ŋ,1
1406,ɔi_j,1
1407,ɔi_ai,1
1408,ɔi_p:,1
1409,œ_ʊ,1
1410,œ_ɪ,1
1411,œ_ɛː,1
1412,œ_b,1
1413,oː_ʔ,1
1414,oː_ʏ,1
1415,øː_yː,1
1416,øː_p,1
1417,oː_œ,1
1418,øː_oː,1
1419,ŋ_ŋ,1
1420,ŋ_ç,1
1421,m_ŋ,1
1422,m_a͜u,1
1423,l_ɔ͜y,1
1424,k_ŋ,1
1425,j_z,1
1426,j_v,1
1427,j_ɔi,1
1428,j_j,1
1429,j_f,1
1430,j_d,1
1431,j_au,1
1432,h_s,1
1433,h_n,1
1434,h_d,1
1435,h_p:,1
1436,f_ŋ,1
1437,ɛː_uː,1
1438,ɛː_ɛ,1
1439,ɛ_v,1
1440,ɛ_ɪ,1
1441,ɛ_au,1
1442,ə_ə,1
1443,ə_a͜u,1
1444,ə_a͜i,1
1445,eː_œ,1
1446,eː_øː,1
1447,d_t,1
1448,d_s,1
1449,d_øː,1
1450,d_g,1
1451,d_a͜u,1
1452,ɐ_a͜i,1
1453,au_œ,1
1454,a͜u_m,1
1455,a͜u_h,1
1456,a͜u_ɐ,1
1457,a͜u_p:,1
1458,ai_œ,1
1459,a͜i_m,1
1460,a͜i_j,1
1461,a͜i_ɪ,1
1462,ai_ɛː,1
1463,a͜i_b,1
1464,aː_ʏ,1
1465,aː_ɔi,1
1466,aː_øː,1
1467,aː_a͜u,1
1468,aː_a͜i,1
1469,a_ʔ,1
1470,a_yː,1
1471,a_øː,1
1472,a_ə,1
